accuracy,perf,self_box_accumulate_threshold_0,self_box_accumulate_decision_0,self_box_accumulate_decision_1,neighbor_box_accumulate_threshold_0,neighbor_box_accumulate_decision_0,neighbor_box_accumulate_decision_1
0.8759288466014837,2050.8650000000002,0,1,2,0,0,1
0.8704091133430347,2023.0243999999998,0,3,3,0,2,1
0.7918456314217027,1673.4396000000002,0,3,3,0,0,2
0.8759288466014837,2021.4948000000004,0,3,2,0,2,1
0.6816321535873358,1225.5266,0,3,3,0,0,3
0.7918456314217027,1794.3552,0,2,3,0,0,2
0.6816321535873358,1264.182,0,3,3,0,0,3
0.7918456314217027,1808.0807999999997,0,3,3,0,3,2
0.6926323948218233,1335.9968000000001,0,1,1,0,2,3
0.8675381162985026,2345.2866,0,4,4,0,2,1
0.8675381162985026,2602.4466,0,1,4,0,2,1
0.796166650195989,2154.5666,0,3,2,0,3,2
0.970160760748179,2855.7442,0,2,3,0,3,0
0.9664081023543899,2875.8100000000004,0,3,4,0,3,0
0.6802387933148619,1635.9852,0,2,4,0,1,3
0.8759288466014837,2836.6133999999997,0,4,2,0,2,1
1.0,2885.1962,0,4,1,0,1,0
0.796166650195989,2491.2602,0,4,2,0,1,2
0.8930132814229939,3133.8694,0,3,1,0,2,1
0.9664081023543899,2911.4394,0,4,4,0,3,0
0.8704091133430347,2855.7342,0,1,3,0,1,1
0.8704091133430347,2479.2958,0,3,3,0,0,1
0.7918456314217027,2248.8329999999996,0,2,3,0,0,2
0.7918456314217027,2218.3438,0,3,3,0,1,2
0.9664081023543899,2790.4321999999997,0,4,4,0,2,0
0.7918456314217027,2008.4938000000002,0,3,3,0,3,2
0.8704091133430347,2585.5335999999998,0,4,3,0,0,1
0.8675381162985026,2647.977,0,3,4,0,0,1
0.970160760748179,2896.629,0,3,3,0,2,0
0.8095688716439009,2407.5574,0,3,1,0,1,2
0.789599938952432,2163.1344,0,1,4,0,2,2
0.9664081023543899,2822.8592000000003,0,1,4,0,2,0
0.796166650195989,2235.5716,0,2,2,0,2,2
0.8704091133430347,2736.1072,0,2,3,0,1,1
0.8759288466014837,2773.0436,0,2,2,0,1,1
0.796166650195989,2267.5466,0,1,2,0,1,2
0.970160760748179,2385.5514,0,3,3,0,0,0
0.7918456314217027,2295.1666,0,3,3,0,1,2
0.6816321535873358,1604.5626,0,1,3,0,0,3
0.6816321535873358,1659.0976000000003,0,3,3,0,0,3
0.6802387933148619,1549.7592,0,2,4,0,2,3
0.8930132814229939,2808.6762000000003,0,1,1,0,3,1
0.6843150657790682,1661.4268,0,4,2,0,2,3
1.0,2916.1796,0,3,1,0,1,0
0.6816321535873358,1544.6190000000001,0,3,3,0,0,3
0.789599938952432,2031.154,0,3,4,0,0,2
0.6816321535873358,1422.6684,0,3,3,0,0,3
0.6816321535873358,1499.7079999999999,0,3,3,0,0,3
0.8930132814229939,2757.9218,0,1,1,0,1,1
0.7918456314217027,2234.541,0,4,3,0,0,2
0.789599938952432,2221.8023999999996,0,3,4,0,0,2
0.7918456314217027,2275.1574,0,3,3,0,3,2
0.8759288466014837,2847.1734,0,1,2,0,1,1
0.8095688716439009,2396.6818,0,4,1,0,0,2
0.8704091133430347,2942.5964,0,2,3,0,0,1
0.6926323948218233,1607.69,0,4,1,0,0,3
0.796166650195989,2220.4934000000003,0,2,2,0,1,2
0.796166650195989,2202.9664,0,1,2,0,0,2
0.8759288466014837,2793.431,0,2,2,0,0,1
0.8759288466014837,2755.0526,0,2,2,0,0,1
0.6816321535873358,1598.5874,0,3,3,0,0,3
0.7918456314217027,2206.8214,0,4,3,0,0,2
0.7918456314217027,1788.1663999999996,0,4,3,0,0,2
0.6816321535873358,1553.3827999999999,0,3,3,0,0,3
0.8095688716439009,2284.8444000000004,0,3,1,0,0,2
0.7918456314217027,2189.4828,0,3,3,0,1,2
0.789599938952432,2124.28,0,3,4,0,1,2
0.796166650195989,2159.6516,0,3,2,0,0,2
0.789599938952432,2116.4552,0,4,4,0,0,2
0.970160760748179,2791.3541999999993,0,1,3,0,3,0
0.8759288466014837,2736.5080000000003,0,1,2,0,3,1
0.789599938952432,2208.1958000000004,0,3,4,0,2,2
0.9773495970695854,2942.8095999999996,0,1,2,0,0,0
0.6816321535873358,1522.6484,0,3,3,0,0,3
0.6816321535873358,1667.3514,0,3,3,0,0,3
0.8704091133430347,2901.031,0,3,3,0,0,1
0.796166650195989,2452.5144,0,2,2,0,0,2
0.8095688716439009,2491.5932000000003,0,3,1,0,0,2
0.796166650195989,2239.1336,0,3,2,0,0,2
0.796166650195989,2263.7463999999995,0,3,2,0,0,2
1.0,2955.0526,0,3,1,0,3,0
0.9664081023543899,2561.2606000000005,0,2,4,0,3,0
0.970160760748179,2869.9638,0,1,3,0,1,0
0.8759288466014837,2680.4052,0,3,2,0,0,1
0.7918456314217027,2337.5096000000003,0,1,3,0,0,2
0.8759288466014837,2749.7696,0,1,2,0,3,1
0.9664081023543899,2751.3724,0,1,4,0,1,0
0.970160760748179,2799.9012000000002,0,2,3,0,3,0
0.8095688716439009,2251.059,0,1,1,0,3,2
0.8759288466014837,2679.1722,0,2,2,0,3,1
0.796166650195989,2243.2760000000003,0,1,2,0,3,2
0.8704091133430347,2784.8412,0,1,3,0,3,1
0.6816321535873358,1564.2922000000003,0,4,3,0,0,3
0.789599938952432,2249.0134,0,4,4,0,2,2
0.6926323948218233,1673.4720000000002,0,1,1,0,1,3
0.8930132814229939,2593.266,0,4,1,0,2,1
0.7918456314217027,2242.0164,0,1,3,0,3,2
0.8095688716439009,2277.2242,0,2,1,0,3,2
0.8930132814229939,2748.2344,0,1,1,0,3,1
0.9664081023543899,2805.2608,0,4,4,0,2,0
1.0,2935.0204000000003,0,1,1,0,3,0
0.7918456314217027,2273.2438,0,1,3,0,3,2
0.7918456314217027,2317.1052,0,1,3,0,3,2
0.8930132814229939,2752.207,0,1,1,0,3,1
0.9664081023543899,2931.9543999999996,0,4,4,0,3,0
0.6802387933148619,1540.9828,0,2,4,0,2,3
0.6816321535873358,1630.748,0,2,3,0,2,3
0.9773495970695854,2801.2277999999997,0,3,2,0,3,0
0.8704091133430347,2714.2586,0,3,3,0,3,1
0.8930132814229939,2855.0068,0,1,1,0,3,1
0.6926323948218233,1725.257,0,1,1,0,2,3
0.8095688716439009,2326.5768,0,1,1,0,2,2
1.0,2861.9883999999997,0,1,1,0,2,0
0.796166650195989,2142.6912,0,1,2,0,3,2
0.789599938952432,2265.04,0,1,4,0,0,2
0.796166650195989,2324.9752,0,1,2,0,0,2
0.9773495970695854,2820.9916000000003,0,2,2,0,2,0
0.8095688716439009,2102.174,0,1,1,0,2,2
0.6926323948218233,1545.4948,0,1,1,0,3,3
0.6926323948218233,1537.2076000000002,0,1,1,0,3,3
0.9664081023543899,2804.5728,0,1,4,0,1,0
0.6816321535873358,1680.9189999999999,0,2,3,0,1,3
0.789599938952432,2116.0572,0,1,4,0,3,2
0.9773495970695854,2484.8148000000006,0,1,2,0,3,0
0.9773495970695854,2965.2635999999998,0,1,2,0,0,0
0.970160760748179,2530.3182,0,1,3,0,3,0
0.6843150657790682,1613.0578,0,2,2,0,3,3
1.0,2837.9350000000004,0,4,1,0,3,0
0.8930132814229939,2539.258,0,1,1,0,3,1
0.9773495970695854,2615.1298,0,2,2,0,3,0
0.9773495970695854,2615.1578,0,2,2,0,2,0
0.9773495970695854,2611.489,0,1,2,0,2,0
0.9773495970695854,2647.1368,0,4,2,0,0,0
0.9664081023543899,2636.9702,0,3,4,0,1,0
0.6802387933148619,1539.1276,0,1,4,0,2,3
0.8930132814229939,2634.9592,0,4,1,0,2,1
1.0,2551.435,0,1,1,0,3,0
0.970160760748179,2581.6156,0,1,3,0,3,0
0.9773495970695854,2385.7774,0,2,2,0,3,0
0.8759288466014837,2280.596,0,1,2,0,3,1
0.9773495970695854,2400.7394,0,1,2,0,3,0
1.0,2477.4990000000003,0,2,1,0,3,0
0.9773495970695854,2386.8661999999995,0,2,2,0,2,0
0.9773495970695854,2390.0772,0,3,2,0,3,0
0.9664081023543899,2199.0888000000004,0,2,4,0,3,0
0.970160760748179,2251.3302000000003,0,2,3,0,3,0
0.9773495970695854,2354.094,0,2,2,0,2,0
0.970160760748179,2354.8875999999996,0,2,3,0,3,0
0.9664081023543899,2419.855,0,2,4,0,1,0
0.9664081023543899,2391.3776,0,1,4,0,3,0
1.0,2443.1284,0,2,1,0,3,0
0.8675381162985026,2239.6246,0,2,4,0,3,1
0.6926323948218233,1401.7524,0,2,1,0,3,3
0.970160760748179,2203.4654,0,2,3,0,3,0
0.8675381162985026,2122.3244,0,2,4,0,3,1
0.970160760748179,2254.3652,0,2,3,0,3,0
0.9664081023543899,2247.3048,0,1,4,0,3,0
0.8675381162985026,2153.0388000000003,0,2,4,0,3,1
0.8675381162985026,2276.1234,0,2,4,0,3,1
0.9664081023543899,2378.3982,0,2,4,0,2,0
0.970160760748179,2430.2312,0,2,3,0,3,0
0.9664081023543899,2366.3586000000005,0,3,4,0,1,0
0.9664081023543899,2345.9970000000003,0,2,4,0,0,0
0.9664081023543899,2227.4413999999997,0,4,4,0,1,0
0.7918456314217027,1724.0566,0,1,3,0,1,2
0.8759288466014837,2134.7716,0,4,2,0,2,1
0.6802387933148619,1213.6172000000001,0,4,4,0,0,3
0.6843150657790682,1353.8327999999997,0,4,2,0,3,3
0.7918456314217027,1853.9690000000003,0,3,3,0,2,2
0.6802387933148619,1325.1026,0,3,4,0,3,3
0.8759288466014837,2290.7884000000004,0,1,2,0,2,1
0.789599938952432,1883.148,0,3,4,0,2,2
0.9664081023543899,2315.2382,0,1,4,0,3,0
0.789599938952432,1796.282,0,2,4,0,0,2
0.8704091133430347,2153.6992,0,2,3,0,3,1
0.8675381162985026,2162.7043999999996,0,2,4,0,3,1
0.8759288466014837,2130.353,0,3,2,0,3,1
0.6926323948218233,1314.0918000000001,0,1,1,0,1,3
0.6926323948218233,1310.8902,0,4,1,0,0,3
0.6926323948218233,1416.5436000000002,0,3,1,0,2,3
1.0,2456.3779999999997,0,1,1,0,0,0
0.8675381162985026,2267.6,0,2,4,0,3,1
0.8675381162985026,2231.6349999999998,0,2,4,0,3,1
0.9664081023543899,2248.7964,0,1,4,0,3,0
0.9664081023543899,2240.7580000000003,0,2,4,0,2,0
0.8675381162985026,2087.3028,0,2,4,0,3,1
0.9664081023543899,2218.5578,0,2,4,0,0,0
0.9664081023543899,2323.9746,0,2,4,0,0,0
0.9773495970695854,2410.4186,0,2,2,0,0,0
0.9664081023543899,2367.007,0,2,4,0,0,0
0.970160760748179,2373.6244,0,2,3,0,3,0
0.9664081023543899,2337.4147999999996,0,3,4,0,3,0
0.9773495970695854,2200.7311999999997,0,3,2,0,0,0
0.8930132814229939,2215.132,0,2,1,0,3,1
0.9773495970695854,2257.4554,0,2,2,0,3,0
0.6802387933148619,1255.7256000000002,0,2,4,0,3,3
0.9664081023543899,2244.1104,0,1,4,0,0,0
0.970160760748179,2353.13,0,2,3,0,3,0
0.9664081023543899,2371.9998000000005,0,1,4,0,3,0
0.9664081023543899,2289.4689999999996,0,3,4,0,3,0
0.970160760748179,2369.593,0,2,3,0,0,0
0.6926323948218233,1294.9470000000001,0,4,1,0,2,3
0.6926323948218233,1326.0832,0,1,1,0,1,3
0.789599938952432,1747.9414000000002,0,1,4,0,2,2
0.9773495970695854,2342.6063999999997,0,4,2,0,2,0
0.9773495970695854,2376.9344,0,2,2,0,3,0
1.0,2432.7853999999998,0,2,1,0,3,0
1.0,2404.4651999999996,0,2,1,0,3,0
0.970160760748179,2216.1366000000003,0,2,3,0,3,0
0.9664081023543899,2221.4988000000003,0,2,4,0,2,0
0.9664081023543899,2208.936,0,3,4,0,3,0
0.9664081023543899,2243.3584,0,3,4,0,3,0
0.8759288466014837,2268.1859999999997,0,2,2,0,3,1
0.7918456314217027,1904.9966,0,2,3,0,1,2
0.789599938952432,1849.0921999999998,0,2,4,0,1,2
0.8759288466014837,2176.9506,0,1,2,0,0,1
0.8759288466014837,2181.6008,0,1,2,0,1,1
0.8930132814229939,2224.9633999999996,0,1,1,0,0,1
0.8704091133430347,2132.5418,0,1,3,0,0,1
0.8704091133430347,2106.9608000000003,0,1,3,0,0,1
0.6802387933148619,1293.086,0,2,4,0,1,3
0.6926323948218233,1432.9154,0,1,1,0,0,3
0.6802387933148619,1297.9288000000001,0,1,4,0,1,3
0.970160760748179,2358.3918,0,4,3,0,3,0
0.8675381162985026,2231.808,0,4,4,0,0,1
0.8930132814229939,2215.1,0,4,1,0,1,1
0.8675381162985026,2116.1621999999998,0,3,4,0,0,1
0.7918456314217027,1783.2704,0,3,3,0,3,2
1.0,2311.287,0,4,1,0,1,0
0.9773495970695854,2273.3902000000003,0,4,2,0,2,0
0.9773495970695854,2400.3502,0,4,2,0,3,0
0.9773495970695854,2389.7344000000003,0,4,2,0,3,0
0.9664081023543899,2372.1458,0,4,4,0,3,0
0.796166650195989,1775.3578000000002,0,4,2,0,0,2
0.9773495970695854,2213.3,0,1,2,0,0,0
0.8675381162985026,2102.8706,0,2,4,0,3,1
0.970160760748179,2200.1724000000004,0,4,3,0,2,0
1.0,2276.9664,0,4,1,0,0,0
0.9773495970695854,2390.2082,0,3,2,0,1,0
0.6926323948218233,1398.1976,0,4,1,0,1,3
1.0,2493.1786,0,4,1,0,3,0
1.0,2455.3751999999995,0,4,1,0,2,0
1.0,2311.2266,0,4,1,0,3,0
1.0,2306.3779999999997,0,4,1,0,1,0
0.9773495970695854,2247.4544,0,2,2,0,0,0
0.9773495970695854,2229.1766000000002,0,4,2,0,0,0
0.9664081023543899,2193.4146,0,4,4,0,0,0
0.970160760748179,2313.1241999999997,0,4,3,0,0,0
0.8930132814229939,2346.4162000000006,0,4,1,0,0,1
0.9664081023543899,2351.8623999999995,0,4,4,0,0,0
0.8095688716439009,1934.4178,0,4,1,0,0,2
1.0,2258.0054,0,3,1,0,0,0
1.0,2298.0782,0,2,1,0,0,0
0.8930132814229939,2208.6364000000003,0,3,1,0,0,1
0.9773495970695854,2229.8108,0,3,2,0,0,0
1.0,2361.935,0,3,1,0,1,0
1.0,2401.71,0,4,1,0,0,0
0.8930132814229939,2376.7147999999997,0,3,1,0,0,1
1.0,2426.315,0,3,1,0,1,0
0.9773495970695854,2398.6796000000004,0,3,2,0,0,0
0.9773495970695854,2221.4916000000003,0,3,2,0,0,0
1.0,2292.2502,0,2,1,0,0,0
1.0,2281.2372,0,2,1,0,0,0
0.8930132814229939,2205.4168,0,3,1,0,0,1
0.6802387933148619,1274.9738000000002,0,2,4,0,1,3
0.8095688716439009,1917.9142,0,4,1,0,1,2
0.6802387933148619,1303.2174,0,3,4,0,2,3
0.796166650195989,1901.5351999999998,0,1,2,0,0,2
1.0,2462.486,0,2,1,0,0,0
0.8930132814229939,2326.3604,0,3,1,0,0,1
1.0,2427.8352,0,3,1,0,1,0
1.0,2285.7288,0,3,1,0,1,0
0.6816321535873358,1228.0696000000003,0,3,3,0,0,3
0.8095688716439009,1901.1860000000001,0,3,1,0,0,2
1.0,2306.0208000000002,0,3,1,0,1,0
0.9773495970695854,2190.827,0,3,2,0,0,0
0.6802387933148619,1302.2894000000001,0,4,4,0,1,3
0.796166650195989,1916.8370000000002,0,2,2,0,1,2
0.8759288466014837,2109.0856,0,1,2,0,3,1
0.8675381162985026,2081.7678,0,2,4,0,1,1
1.0,2273.0486,0,2,1,0,0,0
0.9773495970695854,2260.3714,0,3,2,0,0,0
0.8930132814229939,2208.9356,0,3,1,0,0,1
1.0,2346.8496000000005,0,4,1,0,0,0
1.0,2330.8574,0,3,1,0,1,0
0.9664081023543899,2221.3834,0,3,4,0,0,0
0.9664081023543899,2314.1246,0,3,4,0,0,0
1.0,2513.7842,0,2,1,0,3,0
1.0,2497.9834,0,2,1,0,0,0
1.0,2444.3237999999997,0,2,1,0,0,0
0.8930132814229939,2171.4478,0,3,1,0,2,1
0.970160760748179,2208.2088000000003,0,4,3,0,2,0
0.9773495970695854,2230.5614,0,3,2,0,0,0
1.0,2296.0244000000002,0,3,1,0,3,0
1.0,2312.9802,0,2,1,0,0,0
0.8095688716439009,1931.4806,0,3,1,0,0,2
0.9773495970695854,2447.9204,0,3,2,0,0,0
1.0,2450.3024000000005,0,1,1,0,2,0
0.8704091133430347,2172.41,0,2,3,0,3,1
0.8675381162985026,2108.7102,0,3,4,0,3,1
0.8930132814229939,2202.4583999999995,0,3,1,0,0,1
1.0,2285.7276,0,4,1,0,0,0
0.8930132814229939,2230.4918,0,3,1,0,0,1
1.0,2367.8298,0,4,1,0,0,0
